{
  "encoder": "o200k_base",
  "distinct_shapes": 1145,
  "overall": {
    "train": {
      "py": 8789,
      "mtl": 2704,
      "n": 578,
      "ratio": 3.250369822485207
    },
    "dev": {
      "py": 8678,
      "mtl": 2675,
      "n": 567,
      "ratio": 3.24411214953271
    }
  },
  "macro": {
    "train": 4.827556430632909,
    "dev": 4.6421741857383
  },
  "capped_micro": {
    "train": {
      "py": 1680,
      "mtl": 531,
      "n": 90,
      "ratio": 3.1638418079096047
    },
    "dev": {
      "py": 1396,
      "mtl": 441,
      "n": 76,
      "ratio": 3.165532879818594
    }
  },
  "per_family": {
    "arithmetic": {
      "train": {
        "py": 6969,
        "mtl": 2147,
        "n": 477,
        "ratio": 3.245924545877969
      },
      "dev": {
        "py": 7316,
        "mtl": 2261,
        "n": 491,
        "ratio": 3.2357363998230873
      }
    },
    "bitdigit": {
      "train": {
        "py": 242,
        "mtl": 138,
        "n": 6,
        "ratio": 1.7536231884057971
      },
      "dev": {
        "py": 239,
        "mtl": 122,
        "n": 5,
        "ratio": 1.959016393442623
      }
    },
    "bitwise": {
      "train": {
        "py": 11,
        "mtl": 1,
        "n": 1,
        "ratio": 11.0
      },
      "dev": {
        "py": 0,
        "mtl": 0,
        "n": 0,
        "ratio": 0.0
      }
    },
    "fold": {
      "train": {
        "py": 91,
        "mtl": 44,
        "n": 6,
        "ratio": 2.0681818181818183
      },
      "dev": {
        "py": 11,
        "mtl": 4,
        "n": 1,
        "ratio": 2.75
      }
    },
    "predicate": {
      "train": {
        "py": 416,
        "mtl": 53,
        "n": 25,
        "ratio": 7.849056603773585
      },
      "dev": {
        "py": 383,
        "mtl": 44,
        "n": 23,
        "ratio": 8.704545454545455
      }
    },
    "quotation": {
      "train": {
        "py": 594,
        "mtl": 165,
        "n": 46,
        "ratio": 3.6
      },
      "dev": {
        "py": 471,
        "mtl": 126,
        "n": 37,
        "ratio": 3.738095238095238
      }
    },
    "recursion": {
      "train": {
        "py": 280,
        "mtl": 65,
        "n": 10,
        "ratio": 4.3076923076923075
      },
      "dev": {
        "py": 78,
        "mtl": 18,
        "n": 3,
        "ratio": 4.333333333333333
      }
    },
    "scan": {
      "train": {
        "py": 138,
        "mtl": 85,
        "n": 3,
        "ratio": 1.6235294117647059
      },
      "dev": {
        "py": 136,
        "mtl": 96,
        "n": 3,
        "ratio": 1.4166666666666667
      }
    },
    "stack-shuffle": {
      "train": {
        "py": 48,
        "mtl": 6,
        "n": 4,
        "ratio": 8.0
      },
      "dev": {
        "py": 44,
        "mtl": 4,
        "n": 4,
        "ratio": 11.0
      }
    }
  }
}
